square_footage,bedrooms,bathrooms,house_age,distance_to_city,price
2528.2717824147708,4.0,2.4,3.0,5.8,6750722.453387331
1100.4039966748733,2.0,1.9,13.0,7.7,-6368703.63187555
2038.0035692992992,2.0,1.4,20.0,4.4,-5342102.521749875
1448.3726199254763,2.0,3.2,-5.0,1.8,-7514205.963262716
468.2984237602727,4.0,1.5,15.0,1.7,-7627670.293987208
1392.1952107159889,3.0,1.6,14.0,3.4,-1406630.2264733056
1806.7589863652083,3.0,2.3,5.0,5.1,2911739.977852653
1617.012227176574,4.0,3.5,16.0,6.6,8429043.279220453
2294.3134640217977,3.0,2.1,30.0,3.8,4938012.128031855
1591.2505152996066,3.0,1.7,10.0,5.5,-2640934.2558705774
1590.5313713855412,2.0,1.6,40.0,5.6,-825040.5476790022
1891.7948323993032,0.0,3.7,10.0,2.2,-9085894.950136742
851.5840260220767,3.0,2.5,26.0,7.3,6788789.988746788
1883.040139192345,3.0,2.4,38.0,3.0,6044997.010086803
1825.695625652899,4.0,2.5,15.0,7.3,12667140.581538904
964.4731601754756,5.0,2.3,30.0,5.8,6082552.267716738
1427.5477104592844,1.0,2.5,13.0,3.6,-10301694.831384117
1512.694210271205,3.0,2.7,-9.0,4.2,-5837408.027908261
1099.9807178011768,3.0,1.5,19.0,2.4,-5286688.330139191
1659.8909670712685,2.0,2.1,-4.0,2.3,-7079076.2083536405
1728.843293026776,2.0,0.2,-21.0,0.8,-10306917.196906377
1760.9707828084488,1.0,2.6,24.0,2.5,-5060226.042296143
1203.8220221739732,4.0,0.3,22.0,6.3,-1205183.6021630922
1770.454259280495,2.0,2.7,33.0,4.8,2115563.026601228
1163.757201996832,3.0,3.7,23.0,3.9,1035932.9278639676
1083.9693475750717,6.0,1.5,12.0,4.2,877688.558836266
1627.2104216506066,5.0,2.1,25.0,4.7,7710705.354636794
1242.608662542629,3.0,-0.1,24.0,5.8,-31517.36464705405
1274.9935710020932,1.0,2.6,39.0,4.2,-1356955.3900596795
1835.455624138437,1.0,2.0,29.0,1.6,-7726820.587825668
1159.0078760011006,3.0,2.2,5.0,0.9,-8534037.11647925
1705.2750426638083,3.0,2.5,17.0,4.8,2950210.7769403574
1962.0135096034503,1.0,1.8,17.0,5.7,-4572839.882346982
1603.801675700313,4.0,1.5,25.0,4.7,489946.5698603073
2207.093644165545,4.0,3.3,27.0,5.6,8977288.07395398
1142.348145370016,1.0,2.9,30.0,5.1,-7580973.159891262
1788.989261819779,4.0,1.2,29.0,2.1,2373492.126375593
1938.227822751468,-0.0,1.3,-3.0,5.1,-14182257.238961712
1007.6726075763688,3.0,0.8,8.0,2.9,-4052819.93682472
1409.2754653762415,6.0,1.9,18.0,11.5,17931189.826612506
1861.413447492756,5.0,2.0,22.0,9.8,11255369.084464226
611.88238355084,3.0,2.2,26.0,4.3,-1880170.2695902905
1728.6402023076205,3.0,2.5,42.0,3.5,8571782.374860674
798.6973641001532,2.0,2.0,46.0,3.6,-1665510.0091661534
1493.9555260769728,1.0,1.9,1.0,8.0,-11811952.091074146
1547.6720997206542,1.0,0.4,16.0,5.7,-8102171.417949989
760.7068771100792,4.0,0.2,37.0,5.5,-854514.5845826848
1752.735079583313,4.0,2.6,36.0,3.1,8346128.537031268
1839.4656450296395,5.0,3.3,18.0,4.4,11739000.5797821
1339.378616941044,6.0,1.9,47.0,3.7,9328127.635071494
1020.28038163826,3.0,3.0,14.0,6.2,-1701816.096305201
1167.2888509352697,5.0,2.2,31.0,2.0,3193068.326514391
1491.788551963624,3.0,3.4,38.0,4.0,6827078.7562365
1108.1171672068017,3.0,2.2,10.0,5.6,-3575656.0253022444
1946.2986691496544,0.0,1.5,2.0,6.6,-12394576.914042016
1147.4940721207956,4.0,1.0,19.0,8.3,-656803.8497858631
1706.4994560688988,1.0,1.2,17.0,2.3,-7803553.281173893
1432.7516077991336,3.0,1.2,25.0,4.5,1201638.0716561228
1040.6567442569528,4.0,2.4,14.0,3.1,-3479352.052679823
1942.022698180525,-1.0,2.0,31.0,3.5,-8148630.996774463
1780.4597239706193,5.0,1.7,16.0,4.5,7047838.855815205
2003.1464046072203,2.0,2.0,11.0,3.3,441028.2208627759
1271.451871706864,5.0,2.0,11.0,8.5,10110892.722044678
1272.7261406282778,3.0,0.9,17.0,4.2,-4028981.298516913
1525.9729429036497,4.0,1.9,31.0,4.9,6751568.2083399
1199.6806550405977,4.0,2.1,16.0,2.7,-3226636.391137829
2789.854668827159,3.0,1.6,8.0,2.3,-288728.49296279415
1776.1499688397616,1.0,0.9,29.0,6.7,2400960.426379493
1524.2608139724134,2.0,1.6,8.0,3.8,-9222250.406587653
1328.4038622512949,3.0,2.2,29.0,4.2,7312579.136488964
693.6420644051742,4.0,3.9,13.0,1.3,-2012252.2149847453
1128.757883730808,5.0,2.0,13.0,7.0,4991092.299177568
1015.1281401826628,2.0,2.2,22.0,2.8,-10656336.896434192
1600.5495233574838,3.0,2.3,36.0,9.8,6215567.220011793
1334.605387836221,1.0,2.8,8.0,6.0,-593117.5238259748
1667.0882086224487,1.0,2.1,18.0,5.5,-3850512.93438546
218.8331706023448,2.0,1.6,17.0,4.5,-19402455.84459489
2035.3052799895927,5.0,1.4,9.0,6.7,10106222.324352304
2022.080438534536,2.0,4.0,30.0,3.9,3995976.409474967
1674.2975599304905,2.0,2.4,18.0,7.1,2349148.041583421
1266.1493993440542,5.0,1.1,25.0,2.4,-5542969.77023752
1662.2293021762584,2.0,2.4,-7.0,8.7,-1642093.09369276
566.7300243196919,2.0,3.1,35.0,7.8,2121658.7052341616
760.5442156129357,4.0,-0.1,23.0,3.9,-9804347.144862393
2086.3784226337225,2.0,1.8,30.0,5.1,-3144439.596581986
2297.252531612486,1.0,2.0,7.0,2.8,-5502123.103508608
1502.5567283212304,3.0,0.8,16.0,5.6,-1488701.2874028345
2186.424237338265,3.0,1.8,-13.0,4.3,-2535013.526830649
2800.841557090197,3.0,2.2,28.0,8.4,15920564.298889082
2029.059162543575,4.0,2.5,26.0,5.6,6999522.245258302
2443.8438286700957,2.0,0.5,28.0,3.3,568270.4393620202
1480.7457652496464,5.0,3.3,17.0,4.1,6770453.885482297
2343.5708175362824,1.0,0.9,33.0,3.7,-967382.2656415214
1629.861250860741,3.0,0.6,6.0,1.7,-4447537.228388809
491.3306009387943,1.0,-0.3,-22.0,6.0,-20246133.60981608
1201.2449026541792,3.0,2.4,41.0,6.6,5281326.991329873
658.2809038895249,3.0,3.1,8.0,3.9,-4850144.645639704
1207.6911346714005,-0.0,1.5,20.0,5.9,-12221937.191072851
1992.161199238292,2.0,2.2,17.0,8.1,1968008.739779852
2250.3798953171554,2.0,1.6,33.0,1.9,1364247.0798808043
1619.6234320555748,1.0,0.4,51.0,6.5,-3429665.5751817203
1070.8211099093933,3.0,4.1,31.0,6.0,6842153.431153128
2306.1391289943226,4.0,3.1,40.0,4.7,9714058.586861148
1473.446599151545,4.0,2.9,12.0,2.2,6569999.058542234
1523.4674510301847,0.0,0.9,48.0,5.7,-9045543.091870144
1496.739342385271,3.0,2.5,29.0,2.7,923629.2454632616
1155.406090955216,6.0,3.1,46.0,5.4,16675547.640686708
1884.4198379844483,3.0,1.4,11.0,8.8,8364615.78702392
1784.4915395926378,2.0,3.3,44.0,8.4,8350060.286772995
1036.6508455763446,2.0,2.5,20.0,3.9,-5462852.004286963
545.9989314383462,2.0,2.6,14.0,6.2,-508199.2374698345
1234.7494261947363,4.0,1.8,11.0,6.2,1384368.0112638553
1726.7671507569898,5.0,2.3,16.0,5.8,11461955.47234158
1348.4101085828622,3.0,1.8,32.0,4.3,3470166.896043503
1721.9097140731142,2.0,1.6,32.0,7.5,2533541.8308599787
693.2193010616294,1.0,1.9,42.0,8.4,-2346023.0554111027
946.4215915987742,5.0,1.6,15.0,6.0,-3209222.47648265
861.6257120898453,3.0,2.3,4.0,5.4,-8488978.325127821
1354.1206838707317,4.0,2.8,19.0,4.4,2074923.4172443664
1273.9548335834595,4.0,1.0,13.0,6.2,698237.8463845814
1633.9218189331666,1.0,2.7,8.0,4.0,-8759376.530290082
1435.2413765682795,4.0,3.0,29.0,7.1,7008556.311818166
1536.3402621646708,5.0,2.6,14.0,1.2,-473792.11272831087
1159.309882465213,4.0,1.2,35.0,2.3,2849027.643468168
1737.6828053460051,2.0,2.8,29.0,7.7,4826874.50939505
1847.601450042,5.0,1.2,24.0,6.5,8292151.272017647
1612.1082021453965,2.0,2.5,31.0,5.3,1120665.544927649
1889.674501952666,5.0,1.2,19.0,3.3,7104236.105596519
1750.120234718285,3.0,0.9,12.0,5.6,563964.2855532415
1487.2128439040027,2.0,4.2,-7.0,5.8,-2127716.240984275
2028.6841526891128,5.0,2.4,33.0,6.7,21314240.25207104
2582.501172450542,4.0,3.1,10.0,6.1,11792634.648900766
1584.02990298341,3.0,1.4,5.0,6.0,-2668474.683095125
694.2163204485861,2.0,3.5,16.0,5.4,-3441284.6750346622
1918.8821107732947,4.0,0.8,10.0,3.9,4394124.616767498
1360.0033490627602,4.0,2.7,1.0,6.1,1285240.5720833133
-3.816169846878665,1.0,1.6,29.0,7.2,-8929247.70443939
1415.9280907076052,2.0,1.6,13.0,3.4,-9194538.309588457
1875.549727253655,0.0,0.6,-11.0,4.1,-18725898.466965716
1095.867139179537,3.0,3.4,8.0,7.0,1323676.895907637
1729.0840573943494,-0.0,1.9,5.0,5.2,-9477904.399784088
1509.6906188490127,4.0,2.0,-15.0,3.1,-2730679.255554475
983.7380482362304,4.0,2.9,26.0,5.4,5127055.024181343
1276.783192724736,3.0,2.2,23.0,6.2,-4151428.6160257487
778.1978689151175,2.0,2.5,13.0,3.4,-14090517.68117165
2415.7293829271766,1.0,1.3,38.0,6.0,-2531510.19775961
2042.8931624696736,4.0,0.8,21.0,5.5,509878.72890249337
1616.4340437134492,1.0,4.5,11.0,7.7,1901766.2987458436
1840.1151042088145,4.0,0.9,-9.0,5.4,-2321128.017455124
1822.7420905705376,4.0,2.0,52.0,2.3,6880087.46395367
2220.78431032895,4.0,2.7,-17.0,2.7,200166.18516986893
2455.7095435698616,1.0,1.7,1.0,0.9,-7858290.395615373
1751.392213447597,3.0,0.9,47.0,2.3,-520610.0777196351
1640.4959338675162,4.0,0.4,11.0,4.7,-2272354.0407045465
816.5606507922895,4.0,0.8,17.0,-0.1,-8155803.371949373
1691.717515701822,4.0,2.0,14.0,1.5,-336174.6280057526
1278.477989435759,4.0,1.3,13.0,7.8,2256328.950484008
718.7270715567287,4.0,1.8,12.0,5.1,-622579.9617623192
1389.517913085168,4.0,1.1,20.0,8.0,7757141.836413468
1644.3468146399284,3.0,1.5,24.0,7.8,6768751.074497666
1219.696181576345,3.0,1.6,-24.0,2.5,-10756903.49894614
589.6983497257414,2.0,1.8,24.0,5.7,-4715744.952912382
1659.5872552095902,2.0,0.8,40.0,4.4,-2793071.726762691
971.7211786198736,2.0,1.3,38.0,3.8,-5100622.622594359
821.7090976882974,3.0,2.6,27.0,2.5,-6146811.988669808
1467.9079193555904,2.0,1.8,5.0,-0.2,-14550359.906266944
802.7524655703692,4.0,2.4,36.0,4.1,3564285.3819749705
1779.069757259253,3.0,2.3,-18.0,5.9,-7182008.925693544
1623.0418076582043,2.0,3.7,8.0,4.4,-3299132.3783897427
2069.7777680127347,3.0,1.8,14.0,6.7,1860970.3831650347
1889.83026613467,3.0,1.1,40.0,4.6,776079.4375987661
1775.026049512276,3.0,2.8,5.0,3.0,-2331833.949600997
1450.577399380347,3.0,2.4,27.0,6.1,2566556.1951842755
1906.7548180003196,4.0,1.8,40.0,7.2,11740398.2366927
1263.080326464542,4.0,2.2,20.0,3.4,-2887900.898338968
2135.946210969328,5.0,1.8,18.0,5.0,9849190.451919062
1577.2468327976255,5.0,2.8,15.0,2.7,2117610.719088888
901.8966879596646,1.0,1.6,32.0,4.6,-7262637.923554175
1175.086557251282,2.0,1.8,21.0,6.1,-3794925.415883036
1232.3416437161704,4.0,1.7,28.0,4.6,7243156.464403292
1291.6873471922688,2.0,2.3,19.0,9.7,2287689.186278638
2028.0284045330257,8.0,3.1,23.0,0.7,12896462.231973335
1940.5733604066843,2.0,0.7,20.0,5.8,-1486299.9988567687
1647.639970310434,6.0,2.5,8.0,0.3,1596122.1211062693
1805.838144420434,2.0,2.3,35.0,4.2,3265915.150661678
1442.730077373691,5.0,1.6,39.0,1.6,5783257.973373196
2115.000286359575,1.0,2.6,6.0,4.5,-5278315.160458317
1270.6806819494575,2.0,2.3,33.0,3.1,-6892355.499077064
1915.1679082721228,2.0,2.2,7.0,4.1,-8557938.47356966
1741.2362076215927,1.0,2.5,17.0,3.3,-2089516.599511672
2382.7271201405483,2.0,1.7,26.0,4.1,3960606.788516657
2058.416887764977,3.0,1.5,23.0,4.8,3388502.8234331566
2012.0312629057312,5.0,3.6,29.0,9.1,15688432.873885691
2261.619310856129,6.0,2.9,31.0,2.6,13649459.550916731
880.4736487366788,3.0,3.2,51.0,8.7,7831979.95307803
1604.8297076373128,5.0,2.1,13.0,8.6,7312842.00458211
1958.1638373512408,0.0,1.9,25.0,5.2,-824650.3504127602
1929.225558328333,4.0,1.7,16.0,3.0,4754868.94755087
1429.1757069949365,4.0,1.4,37.0,5.2,7260183.784241842
1662.1796408608016,2.0,2.3,2.0,5.0,-4567252.4287218135
1273.3757954884934,3.0,1.0,42.0,4.0,-1236007.406953432
1277.8533699619445,2.0,1.6,26.0,4.5,-2044794.7433248276
1268.8623556474788,3.0,2.8,13.0,4.0,5320545.718773426
1186.1330469577472,3.0,3.2,16.0,4.3,531038.7879083897
1785.253604177258,6.0,2.4,11.0,3.3,10788163.737605408
902.0584689824078,4.0,2.5,27.0,8.3,4600824.85106144
2635.3464289021977,4.0,2.3,23.0,4.2,6862556.295730641
838.4551032962509,2.0,1.2,45.0,0.7,-4172395.768330903
2097.381430938469,3.0,2.6,33.0,3.0,-2023979.782671764
1509.4095248702993,2.0,3.6,2.0,7.2,455414.5571407701
724.2438754705355,1.0,2.2,30.0,2.7,-10601865.803768
2076.950367127873,2.0,3.0,-8.0,4.1,-3720791.474697123
2050.4798174992857,3.0,1.3,49.0,-0.1,1570443.7024445024
1712.0334307592257,5.0,2.2,21.0,4.0,7223244.358043948
2089.862604180355,3.0,1.6,23.0,3.6,5959034.2772877775
809.4776984231125,2.0,2.9,25.0,9.7,-3275955.1929730447
748.428523440947,3.0,1.7,16.0,8.3,-1730896.607489031
1305.9115907293856,3.0,1.7,23.0,3.8,-2577313.8046886446
1313.365877029343,1.0,1.7,30.0,3.0,-5732011.577154115
1272.6026413111535,0.0,1.7,4.0,4.5,-8943810.600226888
1666.831052643474,4.0,2.1,36.0,4.0,7115151.07788579
905.1666704548194,2.0,0.5,11.0,6.2,-8729944.177933082
1736.7037078562332,1.0,1.0,24.0,4.9,-203278.44466995876
954.1874139204486,3.0,2.9,24.0,5.4,531559.5643058633
1854.151923600532,5.0,2.6,25.0,6.5,9309799.804017236
2076.795171658463,-0.0,1.0,41.0,7.0,-3159150.6680217385
1906.7586086848348,3.0,3.2,2.0,3.4,1690748.5182000194
2531.262459621573,4.0,1.7,4.0,3.1,2257548.110443904
2546.19363784273,2.0,2.1,5.0,6.2,2090610.277210801
1857.690657720622,5.0,2.4,31.0,2.6,6882747.659113493
250.96949125353035,1.0,1.5,23.0,4.9,-18716769.89315528
1270.1716138635015,4.0,3.0,4.0,7.0,2797521.3867303752
1696.8986491081257,4.0,2.7,-9.0,6.0,-2165643.4686840083
1795.7210758759277,3.0,2.6,30.0,5.5,-403752.1301912136
1235.3339437758143,3.0,2.3,-3.0,4.3,-5616937.461914922
1980.9935945359205,4.0,2.2,16.0,7.9,5551508.465556598
1279.977756651508,1.0,1.0,22.0,8.3,-4372407.714992909
1046.218168979201,3.0,2.2,11.0,4.9,-2701421.2048774115
1188.1155196520974,1.0,1.2,49.0,6.2,1979480.5664733
1450.7059338578692,5.0,2.4,20.0,2.8,3442107.1771026934
433.70218692258186,3.0,0.9,35.0,2.4,-5694107.942616534
1683.6436567006704,4.0,2.9,48.0,3.9,11319716.780934485
761.5375362340493,1.0,0.9,9.0,5.3,-11155880.102617474
877.1413117768078,4.0,1.8,21.0,7.0,5517930.366382751
1306.1500417957195,2.0,1.1,14.0,4.8,-8614835.238544287
854.7192890268907,3.0,1.6,18.0,4.1,-2946933.0263912776
1627.6918778371585,2.0,1.2,7.0,5.2,-8543921.724516481
2139.2259313036493,3.0,2.3,23.0,4.2,5074503.019751122
1752.2416281915084,2.0,0.7,-3.0,7.7,-8102701.380703518
2093.3673100886654,2.0,2.1,42.0,3.2,4193213.52912868
1498.312771294524,2.0,2.6,17.0,3.9,1130493.2870304994
1352.772121205983,5.0,1.8,42.0,3.1,4656644.7244628575
1475.4853295809817,2.0,3.3,18.0,6.4,-872203.8486360593
1571.5243849394762,3.0,2.4,33.0,0.6,-3341918.1338613853
1377.3059419985648,6.0,2.3,9.0,6.6,8801535.069742959
2254.565506702276,3.0,2.2,29.0,4.1,9516691.96096548
1069.3578993358683,3.0,2.0,43.0,8.0,6773359.004791283
2240.831701231299,1.0,3.6,49.0,4.0,9483828.025933731
1325.280336391522,1.0,2.3,8.0,7.5,-7210340.895660155
996.7287173601794,5.0,1.8,37.0,5.3,8419907.188852329
1638.679230982338,6.0,0.4,20.0,5.2,6050204.791046203
1599.0423803839274,3.0,2.0,18.0,5.0,869565.92303078
1197.1425384983309,6.0,2.5,31.0,4.0,11247645.310358245
1843.1767775072665,4.0,1.8,7.0,4.3,2056530.1451106356
400.5970216899591,1.0,1.6,27.0,8.8,-11163755.950148704
1694.802262045994,3.0,0.9,-13.0,7.8,-3710621.717513306
1336.9882339160797,4.0,2.2,38.0,9.2,16629834.47289061
174.51509580349398,5.0,2.1,36.0,4.5,3100983.51602223
1597.3037276186217,2.0,2.0,9.0,8.4,-2280783.1182899065
1389.373188207114,1.0,0.4,16.0,9.1,-2022072.326024889
938.252983380201,8.0,3.1,24.0,8.3,17303735.06126291
2406.703849257712,3.0,2.4,15.0,5.0,7905159.931824684
1461.081401493599,4.0,1.8,17.0,1.9,-503477.7366838963
1736.315172921703,3.0,1.3,-1.0,4.9,-2427902.161559613
1194.241098504026,2.0,1.4,-1.0,5.4,-6803117.908008114
1335.6907621255075,4.0,3.3,29.0,3.2,6790962.389767342
1174.988032796551,1.0,0.5,19.0,3.1,-17061623.022503607
888.552490222218,6.0,3.7,21.0,7.7,10357502.363274604
954.5167848924008,5.0,0.7,14.0,7.1,562985.631382507
1546.4224505705574,2.0,1.9,22.0,1.2,-6261136.340266763
1895.185948025856,3.0,2.7,25.0,4.4,5100785.550938017
787.6259068932716,3.0,3.2,12.0,4.5,-3210832.0897597885
1692.101036002948,4.0,1.0,5.0,6.3,9268886.752676776
1475.6738242147744,4.0,1.2,20.0,3.1,1904468.9950256331
1062.1908733076214,3.0,2.4,-1.0,2.9,-9070274.17170924
1543.3488497071985,4.0,1.7,25.0,2.8,98491.68386761464
1233.6372508915483,3.0,2.4,33.0,6.6,7746471.781268825
2014.7065504776629,3.0,2.2,32.0,2.6,4464843.358436567
691.6433125259929,3.0,3.3,17.0,2.2,-5487762.6751536485
1948.4196579327656,5.0,1.6,16.0,5.3,4499836.82107527
1474.238535737677,5.0,0.9,28.0,4.6,2124032.3718491765
1625.1001031258472,2.0,2.8,50.0,3.0,2729474.338206467
1985.7854754771777,3.0,3.6,30.0,8.5,8493782.050742522
1278.358874404245,2.0,1.9,7.0,4.9,-12975914.813663865
1697.2260711891483,2.0,1.7,14.0,4.0,-5712695.001100873
1700.8558610494706,3.0,2.4,30.0,8.1,10412469.33410497
1116.1012174479358,1.0,0.9,19.0,3.2,-13488906.08902596
1594.7908082993715,4.0,2.2,35.0,7.0,3869929.796349413
734.7692951283116,5.0,2.9,44.0,3.4,9265997.461431691
1516.0020745328834,5.0,2.2,9.0,7.6,12090592.997816468
1888.0139569217376,1.0,1.2,5.0,6.2,-2464875.225536012
2054.849920978112,4.0,2.3,26.0,6.0,10484632.0603681
1152.6998154184278,2.0,1.5,3.0,5.9,-11639096.856367083
1680.818012523817,5.0,3.1,10.0,4.9,7742626.865092266
2013.493131659866,3.0,3.7,37.0,7.4,8568577.19359707
1343.4709847384229,4.0,2.4,20.0,8.0,7503928.295501335
1640.3182022450685,4.0,1.1,46.0,7.9,7484161.714138138
1462.7832854499768,3.0,0.7,29.0,3.5,-5633951.246595434
2246.344284479761,2.0,2.3,16.0,6.8,142059.97797553634
1784.051602564323,5.0,2.2,4.0,6.0,10259945.168331794
1241.785178056214,4.0,2.7,17.0,4.9,1116323.6939534722
1275.8876918499252,5.0,1.5,10.0,5.7,-1425849.4862239168
1539.7989311880183,3.0,3.1,28.0,7.3,5902212.2317128
1661.5396365580143,5.0,1.2,16.0,5.2,4274050.784823156
1255.8630787742277,2.0,2.5,29.0,-0.4,-4890900.193121541
1772.1101761701734,5.0,2.3,33.0,7.6,13151912.666182008
2014.9804087905804,2.0,2.4,15.0,3.3,-249118.60308141983
1574.4384019588456,4.0,-0.1,38.0,10.1,6757899.724207724
1891.4368674742864,3.0,1.1,14.0,5.5,115021.99574694404
1573.467649193344,3.0,0.7,12.0,5.4,1194893.1544693983
1631.2806645009623,4.0,1.3,23.0,4.0,1590304.878433194
1264.342139424441,2.0,3.2,31.0,4.4,3177968.674629617
1613.7479378660269,5.0,1.6,30.0,3.5,9561052.105894772
1385.100184712403,-0.0,2.3,7.0,5.2,-11697810.20436623
1981.939558397455,3.0,1.9,53.0,5.1,6458513.256479385
1706.465727137812,3.0,1.9,12.0,3.3,-3344991.817154183
1548.838049274416,3.0,1.7,8.0,5.4,103546.16155923964
1345.75860577209,3.0,1.4,56.0,2.5,2373448.3648201064
1426.3973606572013,3.0,1.0,28.0,6.8,-676781.6686484583
1601.7318179336116,1.0,1.9,9.0,3.1,-9637634.455236454
1563.1570997416002,5.0,1.8,13.0,6.0,4932335.283595655
1305.8265308494208,-0.0,2.1,15.0,4.3,-12015280.623294145
1920.3100132522768,2.0,2.0,28.0,3.0,-3212410.365998633
1029.800541757823,1.0,2.0,12.0,4.9,-12319005.564974869
2321.689077902267,3.0,2.0,25.0,0.8,1344293.9037254816
1743.250821913101,3.0,2.0,21.0,6.1,3531351.770205265
1018.633717357694,3.0,2.4,17.0,4.3,-5040472.092847092
858.5038879057151,3.0,2.0,35.0,6.0,3575375.0196068934
1149.9395925304134,3.0,2.9,38.0,2.9,1152062.6355825425
1606.989955367111,2.0,3.6,18.0,5.1,-466046.6874820886
1757.523843153024,4.0,1.2,78.0,6.0,13408072.109433357
1179.2592023885238,4.0,2.4,26.0,6.5,2119755.1975037227
1972.9348218420728,5.0,3.1,6.0,2.8,12033488.030351296
1038.7949077507487,2.0,1.8,44.0,4.3,1252493.571956283
2282.7620146171703,4.0,0.8,19.0,3.9,6329855.12491296
978.9777938784486,1.0,2.7,13.0,3.7,-10312344.594232172
1599.7119929933835,4.0,2.5,27.0,2.7,6927523.893537733
2194.512181481381,3.0,2.7,30.0,5.3,5553086.699448559
930.5834411096156,4.0,2.3,36.0,5.6,1148755.721550797
1767.252824240275,3.0,4.5,33.0,6.2,10530872.648381129
1338.660080578932,5.0,1.4,16.0,2.2,387915.1386032959
2119.141535716818,4.0,1.5,20.0,3.9,5904823.162804476
1979.6354130426037,5.0,2.0,52.0,6.0,19906475.182899386
1561.6024033922429,3.0,1.3,28.0,9.3,3180254.0673146565
2139.432906656697,3.0,2.1,6.0,5.9,-456099.53585689946
1669.011740550854,5.0,3.1,2.0,0.0,2233751.374859808
2062.717392207385,2.0,2.3,2.0,3.2,-12186032.912465433
960.1318393620758,1.0,1.9,-10.0,4.0,-14433200.36569755
1545.8803882677512,3.0,2.7,-10.0,5.2,-4341834.186060025
2100.039478213431,3.0,0.2,13.0,3.8,-3052396.672669988
1817.7090151046127,-0.0,1.8,1.0,4.5,-9526966.809034616
1812.0599085260776,4.0,1.0,29.0,7.3,7453908.47067365
1054.8410759900642,0.0,2.2,19.0,5.4,-6064910.706550344
1296.4818435366096,2.0,2.6,30.0,5.0,409281.47464603593
1687.028284923786,0.0,2.3,38.0,6.7,-7573362.4052774785
2060.9289281152355,2.0,2.3,55.0,4.9,10500599.393797824
1527.862456144347,3.0,1.6,36.0,3.0,1374011.608011125
1612.6320586237748,3.0,2.3,30.0,8.5,3492977.9920130232
2103.2544832541785,3.0,2.5,8.0,4.7,3629935.004339677
1286.8212018972283,2.0,4.6,37.0,5.6,3645039.5770078567
728.599242395177,4.0,1.2,11.0,3.3,-8108144.324023383
1507.3440973645986,3.0,3.0,8.0,3.8,-3416446.68024194
2380.5940624336868,4.0,2.8,20.0,6.1,3832714.926066732
1828.8815880751868,3.0,2.3,19.0,6.4,5708107.774610464
881.168788836351,4.0,2.1,33.0,6.5,1092130.343628958
1967.8391965737303,6.0,1.4,39.0,2.8,14361733.890977953
1569.9436164195638,5.0,1.4,35.0,5.6,6978960.5156540405
1840.679755221474,1.0,1.6,26.0,6.0,-3890142.178620288
1599.3400047737034,2.0,2.0,19.0,2.2,-8448966.331406105
1491.6948288370454,-1.0,1.8,18.0,7.3,-8120973.539017251
1750.4222374722283,4.0,3.4,-7.0,9.5,6369227.904442932
845.5898004404439,5.0,2.0,-25.0,5.6,-3502542.909281781
1951.9674205430977,4.0,1.1,-15.0,-0.8,-5237028.665936354
1230.5790719036308,3.0,1.4,5.0,6.2,-3880562.2569626295
881.0922505865755,5.0,2.1,52.0,6.3,13140369.930922749
1037.71794281095,4.0,1.6,-4.0,8.1,174769.19764965615
2138.8384109492545,1.0,2.6,25.0,2.8,-1996865.8034241323
1196.062369662091,2.0,1.1,12.0,3.8,-12782213.26676868
1445.1950980370846,2.0,2.4,19.0,5.0,404879.2122201452
1752.9827767279326,2.0,1.2,9.0,4.4,-8596613.750949316
1854.501878794256,3.0,2.5,19.0,7.7,7278644.331740847
1670.575987408322,3.0,1.3,24.0,3.4,-2082838.687775032
1905.698277245796,4.0,3.1,3.0,2.4,3753179.236720553
1356.276240299822,6.0,5.1,24.0,0.8,13151140.099205673
1813.8031487809155,2.0,1.8,16.0,7.6,-182447.53185597487
1773.548690585019,2.0,2.1,17.0,7.6,-1860169.885095188
2097.296110256865,-0.0,2.2,34.0,3.5,-5587648.170326689
1132.3482696590238,2.0,3.4,31.0,1.7,-6633583.470106575
1108.1232394377855,3.0,0.9,46.0,3.6,2349743.805274495
1787.0356104470006,5.0,2.7,41.0,1.9,12460651.350878555
1860.5676812727909,4.0,1.8,6.0,3.3,5600605.467172011
1784.883640116102,4.0,2.9,27.0,5.7,6802103.239669466
1871.6320470113571,1.0,2.2,23.0,1.6,-5611899.082576116
1663.9105864215426,3.0,2.4,34.0,-0.3,-2518676.462202652
1665.631715701782,3.0,2.7,35.0,3.3,2534511.759481782
1671.8091447842307,5.0,1.4,-6.0,4.1,-240160.98549576988
1424.5811442166523,2.0,3.4,19.0,8.1,4005018.284874449
1854.72590856952,3.0,1.9,13.0,5.7,327971.7962848107
1560.1478158559494,3.0,2.5,28.0,2.9,-778712.018641534
2175.4261653495028,2.0,2.1,10.0,4.1,-1096582.5735736063
1911.6399578388528,2.0,2.3,23.0,5.0,2407057.95373679
1825.2250462680693,5.0,2.4,-3.0,5.8,5105733.66091444
2349.717991504355,4.0,2.8,14.0,3.8,7814028.830602434
2635.724872711398,5.0,0.9,14.0,6.0,14850430.732487032
1444.6673157213352,2.0,2.4,7.0,3.6,-4712799.722664925
1809.8693923514345,4.0,2.7,-9.0,2.6,393946.29761114944
1533.9277552637016,5.0,2.9,33.0,4.1,7801580.253597797
1420.0307350182864,4.0,2.2,20.0,8.0,5140649.218569968
1930.7182628164023,5.0,1.2,24.0,6.4,9870311.839594074
1572.918235107692,1.0,1.7,29.0,3.6,-7370391.008033643
1756.9539248294575,2.0,3.6,23.0,3.0,-762270.1234457733
1880.0279818448007,1.0,0.9,21.0,4.8,-7366581.648686137
2127.8780627867604,2.0,1.8,7.0,5.4,1002826.4233602568
1959.5770868050008,1.0,1.5,35.0,8.6,1800343.7163661178
961.3119615076208,4.0,2.3,41.0,7.9,7652378.221241336
743.1428036935864,2.0,3.5,-7.0,4.9,-7069354.831956741
2277.080210357387,4.0,1.6,33.0,4.3,7032057.388778586
2332.7372222312883,4.0,2.4,35.0,5.5,10445177.000781111
1904.018094701036,8.0,2.0,7.0,6.4,21016516.33056065
1553.7221871704462,4.0,1.1,26.0,6.7,7591309.426910464
1003.3206502090248,3.0,1.7,5.0,4.7,-4504.740369463165
1198.5896721080192,3.0,2.7,26.0,0.7,-4227093.799327436
1191.1791615331515,6.0,1.7,-3.0,6.4,8589203.967161428
1098.8613653891905,2.0,0.9,18.0,4.2,-13333830.885521322
2097.74032541274,3.0,2.2,11.0,3.4,4254188.694981474
1579.7312534020646,1.0,0.9,7.0,1.8,-16331668.231975764
2063.0251253860843,3.0,1.7,19.0,5.8,544444.603159036
1390.5668741321872,3.0,1.5,31.0,5.4,-3145340.8586386386
855.019550129473,3.0,0.7,1.0,6.6,-9554310.23768045
1005.7044464245412,3.0,1.8,3.0,1.6,-8126195.4683988765
1849.3444067585217,2.0,0.5,20.0,6.8,-5197575.059382808
1482.496194996882,2.0,1.6,8.0,4.6,-7690924.962010748
1656.1891052332858,4.0,1.7,38.0,3.5,4409376.663428462
2213.652682144608,4.0,0.7,14.0,3.5,1319266.3833548478
1443.4359737421298,3.0,2.0,1.0,6.3,-710076.0614693988
1975.2119190930248,6.0,2.1,11.0,5.7,16275348.278766844
1384.532734895661,3.0,1.8,30.0,-0.4,-2802373.7607888505
830.6971001383756,5.0,2.6,30.0,4.5,5392748.672387339
1208.4612807155308,4.0,2.2,17.0,6.6,3285455.319596581
648.3087803224226,1.0,2.1,19.0,8.3,-7397889.757484753
1750.8913680837725,3.0,1.9,37.0,3.9,500486.1636375416
1197.192230131568,5.0,1.8,47.0,3.7,3554073.5940354075
987.9065878353975,4.0,1.9,48.0,8.0,5891046.458021504
2315.9284495445545,3.0,1.0,9.0,8.4,6718634.45169856
462.2059954607335,1.0,2.4,19.0,1.3,-13555412.044988044
1126.5383574649163,3.0,2.0,35.0,7.3,-1000702.774279738
1847.7688787828888,2.0,2.5,33.0,2.8,-1565775.5087243835
1032.201850618787,2.0,1.1,17.0,7.1,-6516883.68492976
1013.4655295592222,3.0,2.0,38.0,6.2,3625384.152683271
2214.428853906784,3.0,1.9,-2.0,0.6,-2027549.4104332523
1646.0963641631863,2.0,1.3,17.0,3.1,-1948316.1694200255
1343.2351569138011,4.0,2.1,34.0,11.0,10445463.23754269
1865.935352144148,3.0,2.5,25.0,4.4,6521140.189299648
1451.9700501376751,7.0,1.5,37.0,5.2,13828861.409401096
1771.800077297216,5.0,1.5,14.0,4.9,6000633.076233583
1028.7209971040618,6.0,1.6,44.0,4.7,7280848.088164452
1923.7108385752108,-0.0,2.9,12.0,4.8,-4133449.259427986
708.0485882571384,-1.0,0.5,31.0,4.1,-11464636.21262997
2012.5545762908869,6.0,2.8,10.0,5.4,9063433.64646682
1241.1537135653923,4.0,1.5,19.0,4.0,569426.9644003096
1447.0258228479322,2.0,1.0,60.0,6.0,2383780.975678719
1479.9210246778282,6.0,3.2,-1.0,3.6,5690775.206770128
1132.3994826183766,6.0,1.1,45.0,3.2,4057784.543787318
1065.8695192008338,1.0,1.8,21.0,5.3,-8649692.731901012
1265.262807032524,4.0,1.8,28.0,8.2,9673007.837014642
1700.2406932531644,3.0,3.6,22.0,3.9,2074989.6249034656
1339.82634590284,2.0,2.2,26.0,3.7,-3686457.2802588767
1513.0455251054168,2.0,0.5,28.0,2.4,-7005625.078845614
1425.0296404604453,2.0,2.7,-1.0,7.2,-1433006.991238193
2211.37406804997,3.0,1.5,34.0,0.1,-1491948.3055237844
1201.166158372571,0.0,1.2,26.0,8.9,-7229456.2713219905
987.1236581798612,3.0,2.3,37.0,3.1,-30010.837627186906
1080.3951663304967,2.0,2.4,4.0,7.1,-5144051.977009848
1320.9853101265069,4.0,1.6,18.0,3.8,-1524152.5543500625
2493.637999615404,1.0,0.5,34.0,4.9,-1215102.4519168446
1805.1851327167324,4.0,1.3,20.0,3.9,-1775309.350240742
1404.7484470010943,4.0,2.8,25.0,4.1,5513298.35287138
1930.818062248972,3.0,1.5,22.0,3.4,-2457329.383392645
1388.7625516108674,3.0,-0.0,51.0,6.4,451388.1555303463
1379.6674127348936,3.0,2.5,20.0,4.2,-806374.2329359518
1402.5458598236596,3.0,2.1,37.0,4.6,1000236.025392588
923.3247447020204,2.0,1.1,37.0,8.4,-1304840.8363733462
1469.1179000699356,3.0,1.8,27.0,4.5,-192482.6402971311
904.3482513986756,4.0,1.4,30.0,8.7,5292966.04207997
835.9069755507848,0.0,1.0,23.0,5.4,-12988747.1478342
1348.1369856116676,2.0,2.7,-0.0,3.3,-5723932.54667203
1752.0232577589222,2.0,1.9,12.0,6.9,-1271709.5383012723
1437.9893063050015,2.0,1.3,4.0,2.6,-6664191.57872266
524.4490679806876,5.0,2.2,22.0,4.9,3878767.918080101
1578.987156125726,4.0,1.6,1.0,7.7,2348329.779482427
544.1797246741214,6.0,2.5,40.0,3.6,10198940.088069389
900.1512358173459,5.0,2.5,-15.0,6.0,-2079619.499356724
1585.9196698967655,4.0,2.7,28.0,2.8,1556459.2867600147
286.8039647323958,5.0,2.3,-16.0,5.5,-7737620.388807913
709.4046489839333,4.0,0.7,33.0,5.5,184926.91767892812
1300.1819071926989,6.0,2.6,23.0,4.3,4424266.967872027
1193.881632746125,3.0,2.5,4.0,6.9,-3495725.444413255
1726.185898124867,3.0,2.0,4.0,7.8,-539747.8364014884
2011.765322092672,3.0,3.4,23.0,8.8,10436569.545273196
1932.8775970850609,4.0,1.4,2.0,4.8,1656442.5162230928
2260.50311357969,4.0,3.0,6.0,6.6,12011151.099202529
1778.905153175931,5.0,2.0,20.0,6.6,10741053.550637215
1592.2756515985184,2.0,1.6,43.0,10.1,8410024.74782142
610.6398755478607,1.0,3.5,42.0,3.5,-9278206.490348669
663.5530493442129,3.0,0.4,26.0,5.1,-8329013.034014888
1390.449735595568,3.0,2.0,32.0,8.4,8059143.28975696
2155.8467246363307,5.0,1.8,4.0,6.9,17531946.296239473
1659.2605023994372,2.0,2.6,5.0,5.6,754356.1466887319
1336.052641743541,3.0,2.9,22.0,5.0,879553.4116601272
2010.6916477146992,2.0,2.3,51.0,2.2,-1734549.8062625325
2289.0590287810924,3.0,2.2,35.0,4.8,9248743.403439358
1228.2876144331176,3.0,1.5,9.0,3.9,-3873173.169851535
998.9062721092636,3.0,1.6,31.0,4.7,-2198740.9053730774
1695.347960464072,4.0,2.2,0.0,6.1,-4404884.37855917
1477.206991822251,2.0,1.1,24.0,1.9,-5563609.5526310345
1348.2178373670424,3.0,2.8,19.0,6.0,2672096.964299949
1150.2523899161783,5.0,1.8,4.0,3.8,-1722223.9557988686
910.3154391836914,4.0,1.7,23.0,6.9,1846809.700153028
1710.8900371254354,5.0,2.1,40.0,4.4,9097373.557417637
1598.9583336710375,2.0,2.1,11.0,5.4,-358274.48845658405
1643.5620826009122,4.0,2.6,11.0,5.5,5353346.572494645
1748.8715445456971,3.0,1.7,30.0,8.6,8335519.483611593
2461.7228974124764,2.0,0.3,8.0,6.1,-6933733.159593936
1086.5598229800698,2.0,1.9,17.0,4.6,-6790021.628783736
1841.6644964055347,3.0,2.7,17.0,3.5,-2439092.426824536
1223.8884778595143,4.0,1.5,29.0,3.3,2643517.643756556
1464.9171442706763,4.0,2.9,-5.0,6.7,1529392.8846703467
1783.3858630920895,3.0,0.3,10.0,6.4,-2122576.1778277257
2040.0280295696552,2.0,0.9,34.0,3.2,1218708.2237804553
2070.074519260633,4.0,1.1,44.0,5.5,6624916.681087478
1785.2993342965797,2.0,0.7,9.0,6.1,-3576271.5690932227
1892.001389655374,3.0,2.2,17.0,3.0,2399185.319665328
1611.9570670323308,4.0,2.4,40.0,5.0,9218649.688078277
2026.82089830392,2.0,1.3,6.0,2.3,-10704988.249123763
2100.2069539722124,2.0,2.1,10.0,2.3,-1552377.8804441416
2081.419288767493,4.0,3.0,11.0,8.7,9627981.112493038
1428.926731529727,4.0,1.0,25.0,6.5,1889421.9845042084
1654.523721516327,3.0,1.7,10.0,2.9,-8267356.17372741
1274.420570795501,-1.0,2.8,28.0,2.0,-11387888.559244968
1549.0337697694722,4.0,3.5,39.0,4.6,7433471.91688913
2015.2902928120288,4.0,1.3,10.0,8.0,6952530.798574085
584.1588763969869,6.0,1.1,4.0,4.6,298987.7950340923
1811.7035691399576,3.0,1.8,31.0,6.3,4077067.310844869
1285.34888774137,3.0,0.9,10.0,3.8,-6091413.075286458
459.035296058139,6.0,2.5,45.0,2.4,3653188.5474179015
1503.5315793140885,3.0,2.5,10.0,6.0,-4492968.138628239
797.4050765982124,3.0,1.8,19.0,6.7,1997671.9670105127
2175.557044993357,2.0,2.2,39.0,7.1,9610869.41414374
1367.671583381022,5.0,2.7,61.0,5.0,10353141.1846375
2048.034953738699,2.0,3.0,26.0,3.7,6447753.012392812
2016.2326302755732,6.0,1.0,-3.0,6.8,8340877.293779928
1430.2768621595003,5.0,1.7,13.0,6.2,2355799.4040245125
584.6835515717715,2.0,-0.2,28.0,6.4,-10821415.093756102
1113.5611660881957,4.0,1.7,26.0,7.2,5433386.60880103
2139.759334880079,4.0,2.4,-13.0,3.4,-939561.8619339004
2080.9391513040955,3.0,1.9,6.0,4.7,-915039.1189997256
1087.173158598929,4.0,2.3,22.0,6.1,1139961.9056933452
1621.9765989542502,3.0,2.1,17.0,5.1,2664925.7149231723
1878.394339993491,1.0,2.3,29.0,5.9,-7455348.581259109
1567.6691739461455,1.0,0.6,35.0,3.9,-9327864.157291338
3039.440404227619,3.0,1.8,37.0,6.2,11919287.010245549
952.3647405785975,5.0,2.6,-28.0,5.0,-1898255.408101295
457.05106113333136,1.0,3.2,-2.0,4.8,-8793602.24165772
1827.487792110845,0.0,2.4,32.0,5.1,3126111.098615998
1219.2211268346873,3.0,0.6,12.0,0.5,-13839489.864925897
1807.967803472132,1.0,1.7,29.0,7.3,-966564.3774318424
1076.6031409657976,3.0,2.6,-3.0,5.9,1034814.6810397076
1492.950517046664,2.0,1.9,19.0,4.6,-3674663.1381627177
1220.849123026985,2.0,2.3,3.0,6.7,-5294224.671592633
1314.7086187996083,3.0,1.9,-0.0,4.1,-6429272.036718882
1451.6881649925551,3.0,0.6,14.0,4.2,-4958601.46995284
1576.177436016861,2.0,1.4,8.0,4.2,-8995095.656812407
1947.4621884722203,2.0,1.0,16.0,3.6,-5953858.582940599
1286.55946502629,3.0,0.6,5.0,8.1,-4222974.5548091
1609.651168600218,2.0,1.1,32.0,8.4,856731.936139351
1505.1165305097936,5.0,3.2,5.0,2.1,3280464.2216953933
2226.6377380212725,2.0,1.1,19.0,7.9,5809670.93194119
1614.4981962296702,2.0,2.6,-8.0,5.9,-4913298.457073095
1644.3618314125115,4.0,2.2,-5.0,7.5,3726322.3341167695
1092.3121858419397,2.0,2.2,4.0,3.3,-7105782.155846487
304.8478162652809,2.0,2.3,14.0,7.5,-10480511.545151072
1324.5752849617627,0.0,2.5,-13.0,5.5,-12871220.66265775
2264.234213206266,3.0,2.7,28.0,5.1,4526802.109716887
1910.0790933777423,1.0,2.8,19.0,6.7,3843841.05352014
939.378129952804,0.0,2.4,34.0,5.6,-10738229.7549257
1135.9140495150923,3.0,2.5,46.0,4.6,1859340.8302971807
1740.372289883992,3.0,1.4,42.0,3.2,146293.93405788776
1771.649014518194,3.0,2.1,21.0,4.1,932498.0385653012
2114.6073921485254,3.0,1.1,29.0,4.2,389406.62979714805
1301.160153192698,3.0,0.6,2.0,4.2,-7623695.874339408
2226.0588495912803,1.0,1.5,20.0,6.7,-2754892.8282823777
1418.466518028118,2.0,2.9,9.0,4.9,-8257864.489383627
953.9181836409552,2.0,2.4,33.0,5.0,-11528094.325904593
2571.135179305932,3.0,2.4,46.0,3.9,8449905.24100123
800.3469125990292,4.0,1.3,26.0,8.1,4668537.933621608
1041.2485894928682,1.0,2.7,35.0,8.1,2338544.6875603143
1223.1753473264089,1.0,1.4,2.0,4.8,-13579004.490505282
1991.3415713849704,5.0,2.4,-1.0,5.0,9093742.855901888
941.7377800256704,0.0,3.2,39.0,3.9,-6433779.19324374
1597.368097359387,4.0,2.5,20.0,-0.9,-2325873.946938821
1549.825682543821,2.0,3.8,12.0,3.0,-4620984.215537263
1628.9879906105905,1.0,2.2,37.0,3.2,-1543101.0163744532
1082.3264733701212,3.0,3.0,52.0,3.7,3634626.594996736
1045.9879622393946,3.0,1.6,-1.0,3.0,-4146826.1177785406
2511.80310961482,3.0,3.7,20.0,1.8,4607392.620575164
1946.4769350543847,4.0,3.1,47.0,2.6,8412232.354923815
1984.7286002633684,2.0,1.2,26.0,7.5,-444769.3942980392
1430.2051859224132,6.0,2.8,37.0,-0.8,6604462.069666034
1685.5729366856544,3.0,1.4,11.0,6.2,-3874507.6794394464
543.359877671101,3.0,1.6,-6.0,4.1,-10773709.907954482
1950.199294197532,4.0,1.5,27.0,3.5,4473812.265113497
972.4461622597752,4.0,2.5,32.0,1.7,1955640.6407831577
1987.6562292389892,2.0,1.4,28.0,2.1,-585718.903588465
1662.083176244221,3.0,2.0,18.0,6.4,1373911.381851027
1195.2438989203583,3.0,1.0,17.0,2.9,-5123555.462270026
1314.2795670021042,2.0,3.0,-1.0,0.9,-7565416.36055053
1009.4172344301592,5.0,0.6,13.0,3.6,-1373713.5056112383
1230.1201598453192,4.0,1.9,8.0,5.0,1151928.6170045596
2024.776357659668,4.0,2.3,12.0,6.8,7421623.303687168
1977.6346186036028,2.0,1.9,19.0,7.8,1543531.1373008648
880.4464621730496,5.0,1.5,-2.0,5.2,1469454.3760900958
1597.025971802937,3.0,1.8,1.0,7.6,469361.4381320032
1548.8351883741675,2.0,1.2,1.0,5.8,-8346088.624918485
1071.915079669125,5.0,1.9,21.0,3.7,4127115.917224648
1709.804986012059,3.0,0.5,7.0,6.5,-1808746.258255016
1142.120005444624,3.0,1.3,30.0,3.3,-2753136.704390297
2537.5325196742706,4.0,1.6,38.0,7.1,13932537.033180904
1483.3850046777695,3.0,2.3,17.0,2.7,2230365.873484901
1120.1484412598566,2.0,2.8,-7.0,4.0,-13882364.82617467
1632.1341358228185,3.0,1.8,18.0,4.2,-1043197.3047092088
2137.6953689995075,3.0,1.3,18.0,10.0,9391204.686426597
1943.095594292398,5.0,0.8,19.0,3.4,5687431.2453428535
1906.43105941948,3.0,1.4,29.0,6.8,5046515.538211728
1879.5775801513237,4.0,1.1,11.0,1.4,933043.8950938032
677.3006265215541,1.0,0.0,35.0,9.6,-8202388.35581382
737.1718427149526,0.0,2.7,39.0,2.2,-11047263.28029449
1691.2048730920253,1.0,2.0,22.0,6.3,1254227.3619504832
1173.11683067559,2.0,0.6,11.0,7.5,-5074265.919878321
626.1817450858692,6.0,3.0,27.0,3.2,7849449.677676326
1426.1987068506658,3.0,2.1,13.0,1.5,-5369948.623274871
1596.024558245016,4.0,2.1,15.0,9.6,9464065.170586407
895.2615322905973,3.0,1.1,26.0,4.4,-3694838.7170136576
725.6908505681266,3.0,1.8,13.0,3.5,-2882375.197237672
2205.229572601752,3.0,2.6,26.0,6.6,6977966.158642206
1616.892955895374,2.0,1.0,-3.0,5.1,-12736908.677172253
1086.20488967564,2.0,2.6,21.0,5.4,-703371.6269266166
941.4067691464988,0.0,3.0,17.0,5.3,-6413396.597751586
903.0374968004722,1.0,2.4,22.0,1.9,-12396528.950391656
1346.01923518048,2.0,1.5,-8.0,4.7,-9564879.213129465
1510.396853837704,6.0,1.2,9.0,6.2,7055850.164196009
1767.408668172955,2.0,1.8,38.0,3.3,1719109.121286958
760.277888430138,6.0,2.9,39.0,6.2,8679423.199328424
2261.514928204013,4.0,2.4,16.0,4.7,10998503.251495449
1408.4247644733528,3.0,3.5,15.0,6.6,2095941.2027214165
1289.906591452071,2.0,3.2,16.0,8.2,51940.13014553266
824.4628168959894,5.0,1.3,0.0,10.9,4786742.466750664
564.6040394870722,1.0,1.7,15.0,0.9,-15962801.667127997
1771.7396893350465,2.0,2.1,23.0,7.5,-2431675.13064382
1514.1591880652306,4.0,2.8,20.0,4.9,3605395.5203399314
2140.8218975018845,3.0,1.5,28.0,4.2,822195.2265357845
799.0744686038596,5.0,2.6,29.0,3.2,3840397.795917583
2177.8189294024755,4.0,2.6,26.0,3.2,6895406.986843115
1138.0048341286954,4.0,1.9,17.0,2.2,-1753546.727239516
2245.363068424976,3.0,3.2,22.0,7.4,14128360.485147288
1060.0928232489728,4.0,3.0,50.0,8.4,12489900.72195658
2594.901466608836,3.0,1.4,8.0,6.7,5992756.920092922
1706.8995487257491,4.0,1.0,17.0,5.6,-1281128.0832601006
1638.2907527955244,4.0,2.4,20.0,8.7,4324767.979822194
2095.853748553533,3.0,2.1,19.0,5.1,7948824.893508702
1462.1671978370848,3.0,0.7,50.0,3.4,-81704.85571746883
1507.8091669748014,1.0,1.4,34.0,4.3,-8219507.193997242
2221.88230203663,1.0,1.8,19.0,5.7,-2738017.571976368
1447.828603506554,7.0,1.7,26.0,6.4,10310466.06457196
1468.703436050239,3.0,2.6,9.0,5.6,-204849.00757247664
1146.0445296629623,1.0,2.4,16.0,4.9,-8333547.975825597
415.16129113714896,5.0,3.3,2.0,3.4,-5213110.578359678
1678.486379633463,4.0,1.5,21.0,6.2,5269933.858035632
1616.1268485805017,2.0,2.2,24.0,5.7,217847.4500996589
2609.390116724067,5.0,1.8,18.0,8.8,14854492.936629074
2538.3739917804205,3.0,1.7,26.0,4.3,5568074.370792668
928.4975436347582,4.0,2.9,45.0,7.4,13658111.92589334
1829.6228342162024,2.0,2.2,34.0,5.0,-2030384.5842175083
1203.767870423553,1.0,2.8,20.0,8.2,-807209.9268437298
1986.277224813365,4.0,2.6,29.0,3.9,7958082.510948135
1257.3182260854485,3.0,2.6,21.0,3.5,-3470039.2551667173
788.5125373691635,5.0,1.8,5.0,3.9,-4707221.387530976
1975.153795986788,1.0,0.7,46.0,2.9,-1891985.750985519
1538.5782481088584,4.0,1.6,11.0,4.3,-868958.1968184889
1165.9279572305031,4.0,2.1,48.0,2.1,6996308.260619407
1134.5349800290403,1.0,1.9,20.0,3.4,-8892972.00417057
1368.554585395866,3.0,3.9,20.0,6.6,1421690.54309448
2507.63755523032,0.0,2.3,39.0,5.6,-3675273.2034887294
1318.193893893072,3.0,2.9,19.0,5.2,4528761.9364257455
454.8485505734216,2.0,1.8,17.0,6.5,-7413804.252317759
1394.4348805861528,2.0,1.3,5.0,0.7,-13683705.949987097
818.4129977035948,6.0,0.7,23.0,5.9,6083356.772658912
1247.9100844961642,3.0,3.0,19.0,1.4,2723968.3171132198
2090.9455464799807,4.0,2.9,27.0,2.6,5315547.750973894
915.041582144856,2.0,0.7,-23.0,6.0,-15446784.779888362
1474.8976914791276,3.0,2.0,59.0,2.1,2622087.0390882646
1797.377170832643,4.0,4.0,33.0,7.8,17087139.641212005
1763.4489618328969,4.0,1.9,17.0,5.5,2949749.5252414183
1089.6588408241448,5.0,1.2,34.0,6.6,4354403.360921251
2549.860894583257,3.0,2.2,16.0,4.1,3807243.8759613982
1684.821096099047,5.0,2.6,18.0,4.3,7097895.70660705
1025.8259978878996,4.0,1.1,27.0,3.2,-5534382.582395679
1039.663203460317,4.0,2.4,23.0,5.2,2802263.659683628
1931.1967361913796,2.0,1.2,34.0,2.2,-1859278.6726938265
80.46067025728644,1.0,2.7,8.0,2.2,-16240435.150885828
1544.2034431459238,4.0,1.6,42.0,6.4,5580596.034906442
1630.3368829119536,4.0,1.5,12.0,5.8,223899.16739624704
992.620253407074,6.0,1.1,15.0,5.9,7926280.093149118
1722.099163645336,5.0,2.9,37.0,5.5,17952085.470010143
1529.0113674041977,3.0,3.0,33.0,4.1,3032503.55132107
1529.1043592229998,3.0,2.3,3.0,3.2,-277365.2514030825
1615.3504528593417,3.0,1.9,1.0,8.3,-5712774.139801625
853.6873264238687,3.0,1.9,12.0,6.7,-2334237.231016924
1859.4766553325333,5.0,1.2,35.0,6.1,12345875.116341472
1798.700034924929,1.0,2.8,31.0,7.4,1297425.1809786707
944.2098752432244,5.0,2.3,19.0,6.4,5976627.356948959
1077.5292807032515,5.0,0.9,-2.0,5.4,1484063.0325972491
1565.3450122321913,4.0,3.9,18.0,6.7,7701034.39372255
795.7693518182201,2.0,1.6,-3.0,7.1,-8135895.102921456
1709.102877943986,4.0,1.5,-7.0,4.8,843867.2146320073
1081.5396481018602,2.0,2.9,18.0,7.9,-1825274.3862033528
1878.9609249618095,2.0,1.6,30.0,5.7,-270863.0964678473
1781.4846183452855,1.0,2.7,10.0,8.8,-812982.3923563897
1321.4853995966953,1.0,1.8,33.0,4.9,-4593092.56749246
1612.1698283890414,5.0,2.0,34.0,5.5,9611564.06502649
1207.546173291115,2.0,2.2,13.0,4.0,-9183336.820260966
2403.5983218189426,5.0,1.9,-5.0,2.6,4152211.686596437
1986.550780507536,5.0,3.7,8.0,2.0,3749246.9888615566
1320.1851637737689,0.0,1.3,25.0,6.1,-8318595.306630641
1433.915322177814,2.0,1.2,21.0,6.2,-2494792.438833386
2011.8547730534904,6.0,2.3,24.0,7.2,19942293.123264123
1285.3777898506692,3.0,3.2,29.0,2.2,1090696.8174521052
1858.7711278979807,3.0,1.1,43.0,0.9,1978368.848861031
566.73169146347,2.0,1.1,19.0,4.6,-11489613.903393768
853.3635210644181,4.0,3.4,6.0,4.6,5217886.580017128
2221.816001734407,2.0,2.0,1.0,3.6,2216376.210392192
1363.003459085348,5.0,0.6,16.0,3.2,1508739.6968287746
1016.9216383147916,4.0,3.1,19.0,6.7,7786042.528575032
1880.423327155739,4.0,2.5,21.0,8.1,10735690.696159082
1173.9555557034696,2.0,3.4,4.0,4.6,-4437321.035586818
2755.778275792212,4.0,1.6,-8.0,1.9,1566298.6982859569
916.1102243660324,5.0,2.2,23.0,2.0,2657054.3130687987
1649.823843918674,1.0,2.2,34.0,6.5,1715282.3754427545
1312.588971689097,-1.0,2.7,4.0,4.3,-15833475.03165336
2095.323137393171,4.0,2.1,34.0,5.0,9634011.324170284
2299.2690560481706,3.0,1.7,32.0,3.4,4295148.520036794
855.8461912682311,1.0,2.7,24.0,6.1,-5608482.609237253
1655.6543367214424,3.0,2.2,45.0,5.9,7614246.164632259
2067.810073591472,3.0,3.4,3.0,6.9,2888372.7051958125
1736.7359495176142,1.0,2.4,16.0,6.9,295822.4851815473
1641.643935773071,3.0,3.0,16.0,4.1,2450629.012038165
1655.826428002389,4.0,2.5,-3.0,8.3,-298265.28842656186
1235.1198981164807,3.0,1.6,28.0,6.8,2935682.5253056656
1409.3879133909486,4.0,1.7,10.0,3.7,3115118.6227311925
1807.6837420065267,4.0,2.4,6.0,4.5,4540753.093357212
1846.7394559569968,2.0,2.9,14.0,4.0,867017.9989326147
1829.2721363364155,4.0,1.7,50.0,5.6,3603675.5451055863
1098.0257926362594,4.0,2.6,25.0,1.2,-3477577.108775874
1181.130007874342,7.0,2.4,12.0,5.6,7352323.846547179
351.9095234313809,1.0,2.0,12.0,6.2,-11435830.88190556
1293.267419438362,1.0,3.2,24.0,4.3,-2177070.344361304
1341.7957751525992,1.0,2.9,38.0,6.2,-1555971.885333167
606.8122673226567,1.0,2.8,11.0,8.4,-12102006.70425766
1401.5390960015552,4.0,0.7,13.0,3.7,-5096406.454194344
2029.3642649419396,0.0,2.0,17.0,10.7,1308414.4971816076
680.2579187372829,3.0,3.2,14.0,3.8,-3374702.5230455697
992.6216346535666,2.0,1.7,10.0,4.6,-6386160.305075231
1674.1708696230637,4.0,1.3,7.0,4.2,-452565.592031703
1307.489094143568,5.0,1.6,26.0,3.9,4117238.171695057
1450.4120681103086,4.0,1.0,48.0,6.7,8173699.085666962
1596.298459365653,3.0,3.3,56.0,4.6,9988379.260371774
1610.7792368121054,3.0,1.1,39.0,7.8,-94358.63214698515
1382.9900704465094,1.0,1.2,27.0,3.4,-10642697.667226516
2084.6477952228365,5.0,2.7,41.0,6.0,16805306.420341127
2164.320414124116,3.0,0.7,25.0,2.5,3584543.9875700665
1071.5740674361004,-1.0,1.5,3.0,6.0,-24361415.144290756
2061.18710935158,5.0,2.9,13.0,0.6,3381848.462008059
1465.9382874160235,2.0,1.9,25.0,3.8,-6994540.868275658
581.8201081148013,3.0,2.0,14.0,6.0,-6481245.001885896
2071.4114072575103,1.0,2.2,31.0,4.9,3107948.092410955
1454.146987927437,5.0,2.8,7.0,3.3,5101359.767432419
1661.3592801690447,3.0,1.2,8.0,5.0,-1651028.4952984378
1811.0349951530245,1.0,3.1,40.0,7.2,5409017.967816064
1030.0484494455677,2.0,0.7,32.0,3.5,-8024888.234532631
1610.2707135069334,1.0,1.6,38.0,6.7,1616420.38143261
2041.3455269435367,1.0,0.9,13.0,6.0,-8839195.092713768
1236.9825786662095,4.0,2.6,-12.0,5.8,667843.7618075523
1707.3864453943954,3.0,2.4,44.0,6.0,12800700.568443222
570.3316141699712,4.0,1.8,21.0,3.9,-4659890.323617779
1999.15544907398,5.0,1.7,14.0,7.4,8622873.312518619
1744.687280613959,2.0,2.6,2.0,2.7,-3213504.961204142
1833.156250454606,1.0,1.1,27.0,6.4,-3933979.182532062
2029.212243424794,4.0,3.1,-6.0,3.1,2541850.8232315835
733.6497200550345,3.0,3.0,17.0,6.9,484101.6526232881
1621.9003568855994,4.0,1.6,12.0,3.0,-3724800.601056539
894.4919001187717,3.0,2.5,10.0,1.7,-7084594.353960631
1575.87899612437,3.0,2.8,7.0,4.8,-2326931.190273941
2288.7266398817374,3.0,1.8,19.0,5.4,3622724.92120302
474.82127135789983,0.0,1.0,31.0,6.0,-9401975.38172054
1977.6502791188764,2.0,2.7,33.0,4.1,-1906000.5604831215
1961.7543080236844,4.0,2.2,4.0,5.2,1582761.918499061
1169.106767615806,3.0,2.5,33.0,0.9,-6171733.221630009
1693.16165890578,1.0,1.8,17.0,5.5,-12244894.796243887
934.6923325312368,2.0,1.6,29.0,5.4,-5938015.88975512
1405.4398046114832,1.0,2.1,34.0,3.2,-7773404.686665649
1628.7751953613822,3.0,2.3,19.0,8.8,1730194.2902651136
1056.25391109895,4.0,2.5,13.0,4.8,-954048.6475639596
1978.351158397292,4.0,2.1,8.0,4.7,2645202.6012981543
1336.168926701116,2.0,2.1,14.0,6.9,-6824593.316391073
1740.5046158683567,4.0,2.1,23.0,5.2,3657141.223885336
1255.575289106863,5.0,2.9,3.0,8.8,12079639.196327891
1525.5989509405426,3.0,2.9,12.0,3.7,1142562.2442478416
961.6604362644932,5.0,2.0,9.0,4.8,-3413468.308568309
1370.4789270896486,3.0,2.3,17.0,7.1,1669815.2443632826
1140.777889373782,1.0,2.2,17.0,2.1,-15193797.127579063
1736.7962153175908,1.0,0.8,6.0,5.1,-6764490.459495354
1568.2676655413686,6.0,2.4,15.0,3.6,10606175.545416696
1318.5807197801705,6.0,1.6,13.0,7.8,8076579.064262809
2024.3535632082817,2.0,2.2,45.0,4.6,6036398.42192446
1399.823711102918,5.0,2.2,23.0,4.4,8065339.316766018
905.3837674614356,3.0,1.5,36.0,5.4,1663991.225893019
1132.7042116009754,5.0,2.0,8.0,1.8,-3312897.9804619965
1372.5221032231511,4.0,2.4,18.0,6.1,2587884.1439408264
2119.7920032207808,2.0,1.0,14.0,3.6,-4676638.931035511
1984.7845128764532,4.0,2.2,25.0,7.5,6719642.21579708
987.8061793328552,-2.0,1.3,16.0,4.9,-20677362.93249383
1349.4481522053557,3.0,2.6,-2.0,5.3,-4574352.717539995
1747.8409439863024,4.0,1.8,22.0,5.4,7188369.653697733
1008.8529828726604,4.0,0.0,21.0,3.7,-8054410.43687648
1697.9098905479616,3.0,2.0,30.0,5.2,1791139.8976739217
1945.0992055623933,2.0,1.4,36.0,4.5,-3582890.8568071453
824.7220178285085,2.0,1.6,19.0,3.3,-11365370.706155522
1451.042376778548,4.0,2.4,54.0,7.7,12104544.071290627
827.0101598766257,4.0,2.5,22.0,4.1,462247.9082996626
1412.822871048582,3.0,2.5,23.0,3.0,542529.2399302574
197.8930716864329,2.0,2.3,23.0,6.8,-6977538.9744786825
1549.666152714613,2.0,2.6,31.0,6.0,3139182.7922192863
1792.9521005823246,1.0,1.7,9.0,7.7,-8598012.929789213
1393.895515049424,3.0,3.2,6.0,6.2,3505977.226316924
801.4409074435043,1.0,1.9,11.0,7.7,-9288424.657494863
1406.5519209190077,-1.0,1.1,-4.0,5.2,-20632632.93452134
1478.2615250930687,3.0,2.8,-3.0,7.3,3266388.013513815
2111.7844412093136,3.0,2.3,36.0,5.8,6678582.395891699
822.2762484438554,0.0,1.1,9.0,1.6,-18603348.388813704
1776.6944915372133,2.0,1.0,19.0,5.6,-3857938.4600045714
2089.6485920319133,3.0,1.4,21.0,8.1,6165861.774674401
1364.1724448369737,2.0,1.4,45.0,5.4,-1299084.9198607823
1541.141994637712,4.0,0.8,36.0,5.5,8789249.48311548
1668.0724815131143,5.0,2.9,17.0,3.1,4494553.792370857
1243.0665413316533,2.0,2.5,4.0,5.7,-6992100.557261247
1174.9987095882702,3.0,1.9,23.0,5.2,425652.1255544772
2247.469113726618,0.0,1.9,21.0,4.9,-181898.32380969689
1572.531872979691,-0.0,2.7,32.0,3.3,-12424598.170905508
1699.5680571760354,2.0,2.2,19.0,4.8,-2051925.151702965
1597.4211701350691,4.0,1.4,5.0,5.4,-796522.1729047273
2144.876377041373,4.0,0.6,30.0,6.5,3431656.725612605
1919.2453872258209,3.0,2.3,21.0,10.0,7356795.950212612
648.7081978810799,4.0,2.2,35.0,3.0,319858.5762349172
1580.24481198674,-0.0,2.3,53.0,5.0,-961645.8270021676
2093.693025782376,4.0,2.3,59.0,4.6,14188013.677408751
1448.389123533752,4.0,2.7,24.0,4.7,5826150.483911206
717.8791941444744,6.0,2.1,44.0,6.2,9831818.719079563
1488.8498581409735,3.0,2.8,10.0,6.0,-1949880.783849841
2062.1766799352517,3.0,2.4,15.0,6.1,3340587.5283314195
1945.6518434348775,4.0,1.7,20.0,4.9,895658.820779574
1116.671706108326,6.0,1.5,12.0,8.4,6204426.711026138
1060.76309932897,4.0,2.1,31.0,6.9,4415423.698871639
1323.4168535946558,3.0,2.5,25.0,5.7,3457431.7459230223
1746.4932292572296,6.0,0.8,19.0,5.3,8955758.052890755
1835.670038225233,3.0,0.5,23.0,5.2,-6984885.171543158
1885.8980886178304,2.0,1.6,25.0,8.5,5212231.025320631
1851.7139583936544,2.0,1.7,0.0,2.3,-6755892.228943815
1173.6880103488045,4.0,2.1,13.0,3.6,2622765.3990808814
1990.882743495797,6.0,2.8,15.0,3.6,12301700.965621663
2282.321827907004,3.0,2.3,-19.0,8.1,3327336.008258345
1598.2773882557874,5.0,1.9,35.0,4.1,6729382.446957513
1966.5640361705343,3.0,1.7,17.0,3.9,3037048.0914012035
1517.0762087440123,2.0,2.3,4.0,4.0,-3353241.8660858115
1607.698252728144,4.0,2.1,28.0,0.7,-1896067.30853209
946.7370456291648,3.0,3.5,59.0,7.3,6669264.285722545
1281.6178813808913,4.0,1.7,-4.0,4.7,-444928.7917738699
814.1284353682472,4.0,1.5,44.0,3.6,-1044675.3108485764
1216.8027043926384,6.0,1.8,32.0,2.6,8630370.900889082
1122.1274202535776,3.0,1.5,28.0,7.0,-2094350.2423076143
1805.292872641912,4.0,2.1,28.0,2.3,28421.68058395345
699.0170940514157,3.0,3.3,16.0,6.5,-1950123.225656352
1598.657853702798,3.0,2.8,11.0,7.5,2131332.089824126
1948.533098443566,-0.0,1.9,39.0,3.8,-1551925.7706392892
1186.5164711061163,6.0,1.4,47.0,4.9,5512125.747328269
723.1206169919678,1.0,1.9,32.0,6.3,-6906814.511951557
1296.5573777478126,3.0,2.9,12.0,4.5,-5254739.999593083
2238.270174862948,1.0,2.7,41.0,6.3,-2418354.7405393114
1795.907066870689,4.0,2.4,15.0,5.0,1707587.1322817083
1214.4105051086017,4.0,1.8,29.0,8.6,9446221.184603164
1725.3017064312694,4.0,2.3,-8.0,2.4,-2525667.197927195
1174.1998261970914,3.0,1.4,52.0,5.4,1471897.7671520174
1745.4874758191256,5.0,2.2,31.0,4.5,6262396.868932033
1237.1224891596194,-0.0,1.3,9.0,3.8,-11063983.149753002
1196.089006452784,-0.0,3.1,39.0,4.8,-6644451.143036778
1823.5979698513704,4.0,1.8,13.0,1.7,-2916689.951517435
1074.73977289535,3.0,1.9,11.0,2.6,-6382604.907897076
1231.1771211100918,4.0,1.8,30.0,3.0,-4411029.154284567
895.1526285794462,3.0,0.4,29.0,3.1,-11477845.13083404
1993.1882529529685,3.0,2.6,9.0,4.4,4270322.948231617
630.1431106109502,5.0,2.6,15.0,-0.7,-5411948.236466263
1612.225909279986,1.0,3.3,36.0,2.5,-1287014.1791511814
1207.7723540747809,4.0,1.5,9.0,4.4,-2488983.245755784
1455.4399802436058,-0.0,2.3,0.0,4.9,-10556742.4744295
2042.947782915789,3.0,1.3,27.0,5.1,4918365.374136739
1467.9059114457511,3.0,1.4,21.0,6.5,2552856.833212558
1324.2928821431335,3.0,2.8,43.0,5.3,2352570.874740981
1523.490296882371,3.0,0.7,13.0,3.8,-4259847.581555685
1246.5284123144352,3.0,1.3,13.0,5.5,-3201778.251560288
1664.7543677865046,2.0,2.0,-3.0,4.2,-5457713.180236374
1694.8070886854518,6.0,0.7,7.0,1.2,-22725.32251515321
1438.1336599501217,4.0,2.2,27.0,4.3,3421891.9055815404
817.0221443997328,4.0,2.8,38.0,6.2,5595793.998946596
971.14453552205,3.0,1.5,32.0,8.7,1893921.2176819895
1132.2350287051167,2.0,0.9,39.0,4.8,-4778693.080129684
1648.2884692651526,5.0,1.6,39.0,4.0,1395026.2323927744
2026.9010260174516,5.0,2.3,-1.0,6.1,4459419.690039866
2172.7100230774886,6.0,1.4,44.0,5.9,14704755.532211278
2183.4371337222624,1.0,1.8,45.0,0.4,-6722623.161646582
625.7340133809096,4.0,1.9,40.0,6.6,4607318.216178582
1633.6961570359515,3.0,1.9,25.0,6.8,-68420.71069922112
1714.6704114008671,4.0,2.8,26.0,7.8,4096980.122103971
2337.2462166737687,4.0,2.4,20.0,6.6,2859894.239858765
2314.5831824504726,2.0,2.4,11.0,0.0,-9322735.235178703
1924.8010485105124,2.0,1.8,25.0,4.0,-3562020.785870493
1592.3552373905416,1.0,2.2,34.0,7.0,205794.5571122745
1219.0789503241504,2.0,2.4,27.0,0.6,-2774483.1274171136
2094.508265553776,2.0,1.5,41.0,3.9,-2971884.968337233
1433.6831268087133,6.0,1.8,5.0,6.3,-1821904.6696527288
937.2554763508116,3.0,2.5,57.0,4.9,4602532.768897927
913.88312328168,1.0,1.9,27.0,4.3,-9049734.09765591
1795.3274153461546,2.0,3.5,37.0,6.2,3809284.941719335
1329.7006465450693,3.0,2.6,28.0,7.3,1019232.505196778
1603.633664699472,1.0,0.8,21.0,3.2,-8092145.481472554
948.3166969130632,4.0,0.9,-12.0,1.3,-10417023.5544786
817.4891022866824,3.0,2.8,31.0,3.4,-4043988.1623780383
1176.531611147213,3.0,3.1,30.0,6.8,6371833.49409735
997.9727015789948,4.0,2.1,19.0,10.4,1181509.5211156677
1307.163684511076,1.0,2.8,27.0,3.5,-8100694.978852497
1551.2423210791037,2.0,1.1,13.0,5.7,-5820089.336837353
1872.0928551575173,3.0,2.5,26.0,3.7,2439562.4734332925
1500.3414094787413,6.0,1.3,32.0,3.6,10347893.039363671
1015.9771207448772,4.0,1.7,15.0,7.5,1695460.7729038063
934.898137663038,3.0,1.2,56.0,4.8,578448.8040563934
1530.8399249239858,1.0,2.2,26.0,7.3,-5162037.586826089
1562.788226735771,3.0,1.8,17.0,7.8,-338595.014112429
1313.8404735310387,0.0,0.5,27.0,6.4,-7638204.178940355
969.6974668016996,3.0,1.9,9.0,4.8,-6054341.167642726
1712.744966620115,2.0,0.4,38.0,7.3,2118904.6018129634
1184.2111354173344,4.0,2.5,24.0,3.4,3770398.178847648
1974.797285682244,4.0,1.9,19.0,4.8,4422803.670948764
2089.2563448992114,3.0,0.1,-1.0,6.7,535823.2564917497
2056.3441874949626,1.0,1.2,11.0,2.3,-8064518.82651017
1855.4799841017457,2.0,2.6,27.0,4.5,1324242.5684765796
1975.7246385290432,3.0,3.4,15.0,7.5,4357049.445250453
1243.8128796616531,5.0,2.1,21.0,1.0,-206484.13637467445
414.2142976197763,4.0,1.5,20.0,5.4,-4476497.097030111
1010.7502270666968,0.0,2.2,61.0,5.6,-4372914.951731194
714.7496981884115,4.0,2.1,5.0,7.8,2725726.1300566904
1832.3513726665549,5.0,2.0,12.0,3.0,3326295.501943841
1245.0966534045588,4.0,1.7,21.0,5.4,622031.6891505935
2731.621056242643,3.0,0.5,17.0,4.9,-690666.8854915345
1016.876840123373,2.0,0.8,17.0,4.7,-12703475.018724
1615.7229612627862,2.0,3.6,30.0,3.2,2439944.4211293817
1476.1443219290102,2.0,2.6,20.0,5.9,-6443293.593709191
1161.4191442439442,3.0,2.0,35.0,3.2,-2333240.5758859487
1271.9395862629058,1.0,1.7,23.0,3.5,-7739328.355057839
1467.9308267035035,2.0,1.1,25.0,5.6,-2919752.3341872147
1534.9010424950095,2.0,2.4,14.0,5.4,-7027599.198734191
1240.8648908631762,5.0,1.8,8.0,5.7,2747671.839941549
2397.9388365477607,5.0,2.2,11.0,2.0,12401323.080726054
898.9252369619555,3.0,1.3,14.0,3.9,-6814261.518172123
1395.765894729796,1.0,2.4,38.0,4.1,-2889526.8010355914
877.130610644006,3.0,1.6,23.0,6.7,-3160473.8175841724
1592.316929266152,1.0,2.2,24.0,7.6,-1797584.7052103733
2296.334999141442,2.0,-0.5,20.0,5.4,-1982963.301182092
825.2118942242339,5.0,1.4,14.0,3.4,-5002360.502737097
1844.8539026225967,1.0,3.4,12.0,7.8,2481860.9273474314
1822.6077929750288,4.0,2.0,28.0,5.6,7514182.569629866
1749.842555151467,3.0,3.2,27.0,3.8,6124418.952675768
1179.256545477845,3.0,1.5,27.0,5.9,-890494.9229727159
1957.6951377800808,2.0,0.6,12.0,4.8,-5440167.376518921
